;Name;URL
418;A. C. Cem Say;https://dblp.uni-trier.de/pid/11/4210.html
176;A. N. Trahtman;https://dblp.uni-trier.de/pid/t/AvrahamTrakhtman.html
369;A. S. M. Sohidull Islam;https://dblp.uni-trier.de/pid/125/3621.html
573;Abejide Ade-Ibijola;https://dblp.uni-trier.de/pid/152/0486.html
548;Abhijin Adiga;https://dblp.uni-trier.de/pid/73/8044.html
486;Abiel Roche-Lima;https://dblp.uni-trier.de/pid/147/8587.html
493;Abolfazl Fatholahzadeh;https://dblp.uni-trier.de/pid/15/999.html
471;Abuzer Yakaryilmaz;https://dblp.uni-trier.de/pid/82/4618.html
240;Adam Clarridge;https://dblp.uni-trier.de/pid/03/828.html
260;Adam Rogalewicz;https://dblp.uni-trier.de/pid/87/2946.html
758;Adam Roman;https://dblp.uni-trier.de/pid/37/2503.html
534;Adam Yao;https://dblp.uni-trier.de/pid/11/6327.html
749;Adrian D. Thurston;https://dblp.uni-trier.de/pid/85/5520.html
657;Adrian Francalanza;https://dblp.uni-trier.de/pid/91/2771.html
267;Agata Savary;https://dblp.uni-trier.de/pid/32/6117.html
55;Ahmed Amarni;https://dblp.uni-trier.de/pid/118/1460.html
183;Ahmed Bouajjani;https://dblp.uni-trier.de/pid/b/AhmedBouajjani.html
467;Aidan Shackleton;https://dblp.uni-trier.de/pid/147/8536.html
679;Aitzol Ezeiza;https://dblp.uni-trier.de/pid/51/3734.html
527;Akihiko Tozawa;https://dblp.uni-trier.de/pid/08/2582.html
362;Akim Demaille;https://dblp.uni-trier.de/pid/14/133.html
230;Akio Fujiyoshi;https://dblp.uni-trier.de/pid/17/927.html
271;Albert Nymeyer;https://dblp.uni-trier.de/pid/03/3972.html
640;Aleksandrs Belovs;https://dblp.uni-trier.de/pid/24/4309.html
766;Alessandra Gabriele;https://dblp.uni-trier.de/pid/39/6106.html
729;Alessandro Cimatti;https://dblp.uni-trier.de/pid/13/5961.html
816;Alexander Ja. Dikovsky;https://dblp.uni-trier.de/pid/60/452.html
39;Alexander Lauser;https://dblp.uni-trier.de/pid/69/8148.html
72;Alexander Okhotin;https://dblp.uni-trier.de/pid/o/AOkhotin.html
454;Alexander Sakharov;https://dblp.uni-trier.de/pid/62/4876.html
108;Alexander Szabari;https://dblp.uni-trier.de/pid/01/880.html
363;Alexandre Duret-Lutz;https://dblp.uni-trier.de/pid/43/6032.html
96;Alfons Geser;https://dblp.uni-trier.de/pid/g/AlfonsGeser.html
191;Alfonso Rodríguez-Patón;https://dblp.uni-trier.de/pid/55/5282.html
546;Alicja Trusewicz;https://dblp.uni-trier.de/pid/20/118.html
826;Alois C. Knoll;https://dblp.uni-trier.de/pid/k/AloisKnoll.html
389;Aloïs Dreyfus;https://dblp.uni-trier.de/pid/132/1983.html
605;Anders Møller;https://dblp.uni-trier.de/pid/55/6739.html
161;Andreas Kerren;https://dblp.uni-trier.de/pid/44/6743.html
631;Andreas Krebs;https://dblp.uni-trier.de/pid/35/4442.html
239;Andreas Malcher;https://dblp.uni-trier.de/pid/58/2201.html
41;Andreas Maletti;https://dblp.uni-trier.de/pid/48/3591.html
53;Andreas Reuß;https://dblp.uni-trier.de/pid/39/8612.html
128;Andrei Paun;https://dblp.uni-trier.de/pid/93/263.html
222;Andrew Badr;https://dblp.uni-trier.de/pid/45/4788.html
674;Andrew Ryzhikov;https://dblp.uni-trier.de/pid/176/5082.html
642;Andrew Winslow;https://dblp.uni-trier.de/pid/86/8242.html
5;Andrzej Ehrenfeucht;https://dblp.uni-trier.de/pid/e/AEhrenfeucht.html
390;Andrzej Kisielewicz;https://dblp.uni-trier.de/pid/83/2770.html
492;Andrzej Pelc;https://dblp.uni-trier.de/pid/p/AndrzejPelc.html
243;André Almeida;https://dblp.uni-trier.de/pid/00/7175.html
316;André Kempe;https://dblp.uni-trier.de/pid/73/3270.html
78;Aneta Binder;https://dblp.uni-trier.de/pid/48/2968.html
554;Angelo Borsotti;https://dblp.uni-trier.de/pid/64/7671.html
556;Angelo Morzenti;https://dblp.uni-trier.de/pid/m/AMorzenti.html
582;Anguraj Baskar;https://dblp.uni-trier.de/pid/36/5799.html
440;Aniello Murano;https://dblp.uni-trier.de/pid/41/1330.html
658;Anna Ingólfsdóttir;https://dblp.uni-trier.de/pid/i/AIngolfsdottir.html
433;Anna Jonsson;https://dblp.uni-trier.de/pid/37/2510.html
157;Anne Bergeron;https://dblp.uni-trier.de/pid/02/312.html
501;Anne Brüggemann-Klein;https://dblp.uni-trier.de/pid/b/ABruggemannKlein.html
426;Anne Condon;https://dblp.uni-trier.de/pid/c/AnneCondon.html
817;Annie Foret;https://dblp.uni-trier.de/pid/81/3428.html
124;Anssi Yli-Jyrä;https://dblp.uni-trier.de/pid/06/3334.html
808;Antoine Georgevail;https://dblp.uni-trier.de/pid/75/5784.html
309;Antonio Cano;https://dblp.uni-trier.de/pid/32/618.html
439;Antonio Di Stasio;https://dblp.uni-trier.de/pid/157/8638.html
235;Antonio Restivo;https://dblp.uni-trier.de/pid/05/2717.html
656;Antonis Achilleos;https://dblp.uni-trier.de/pid/44/7660.html
463;António Machiavelo;https://dblp.uni-trier.de/pid/21/4601.html
294;Are Uppman;https://dblp.uni-trier.de/pid/19/81.html
302;Arnaud Bailly;https://dblp.uni-trier.de/pid/22/5953.html
651;Arnaud Carayol;https://dblp.uni-trier.de/pid/c/ArnaudCarayol.html
40;Artur Jez;https://dblp.uni-trier.de/pid/74/6087.html
723;Ashish Rastogi;https://dblp.uni-trier.de/pid/59/1067.html
133;Attila Egri-Nagy;https://dblp.uni-trier.de/pid/43/6368.html
519;Avraham Trakhtman;https://dblp.uni-trier.de/pid/t/AvrahamTrakhtman.html
200;Axel Legay;https://dblp.uni-trier.de/pid/52/579.html
371;Ayon Sen;https://dblp.uni-trier.de/pid/132/1962.html
453;Ayumi Shinohara;https://dblp.uni-trier.de/pid/s/AyumiShinohara.html
615;B. Sundar Rajan;https://dblp.uni-trier.de/pid/r/BSundarRajan.html
434;Bai Li;https://dblp.uni-trier.de/pid/93/3383.html
624;Bakhadyr Khoussainov;https://dblp.uni-trier.de/pid/59/1434.html
177;Bala Ravikumar;https://dblp.uni-trier.de/pid/24/3232.html
119;Baozhen Shan;https://dblp.uni-trier.de/pid/68/5147.html
824;Barbara Jobstmann;https://dblp.uni-trier.de/pid/55/5062.html
875;Barbara Klunder;https://dblp.uni-trier.de/pid/99/4528.html
812;Barbara Schubert;https://dblp.uni-trier.de/pid/66/6771.html
210;Bas Ploeger;https://dblp.uni-trier.de/pid/92/3700.html
377;Beatrice Palano;https://dblp.uni-trier.de/pid/97/5115.html
159;Beatrix Braune;https://dblp.uni-trier.de/pid/46/1614.html
547;Benedikt Bollig;https://dblp.uni-trier.de/pid/b/BenediktBollig.html
349;Benjamin J. Wyatt;https://dblp.uni-trier.de/pid/43/8172.html
8;Benjamin Monmege;https://dblp.uni-trier.de/pid/85/733.html
224;Benoît Razet;https://dblp.uni-trier.de/pid/40/6297.html
682;Bernard Boigelot;https://dblp.uni-trier.de/pid/37/1275.html
741;Bhaskar Chakraborty;https://dblp.uni-trier.de/pid/24/616.html
105;Bin Ma;https://dblp.uni-trier.de/pid/70/6176-2.html
66;Binxing Fang;https://dblp.uni-trier.de/pid/87/254.html
448;Birzhan Moldagaliyev;https://dblp.uni-trier.de/pid/203/8161.html
82;Björn Borchardt;https://dblp.uni-trier.de/pid/92/2418.html
761;Bo Cui;https://dblp.uni-trier.de/pid/58/4730-1.html
140;Borivoj Melichar;https://dblp.uni-trier.de/pid/78/5300.html
181;Bow-Yaw Wang;https://dblp.uni-trier.de/pid/36/6517.html
773;Brent Heeringa;https://dblp.uni-trier.de/pid/94/4355.html
487;Brian Fristensky;https://dblp.uni-trier.de/pid/52/7111.html
75;Brian Roark;https://dblp.uni-trier.de/pid/09/246.html
282;Brigitte Le Pévédic;https://dblp.uni-trier.de/pid/67/55.html
396;Brink van der Merwe;https://dblp.uni-trier.de/pid/59/6051.html
95;Bruce W. Watson;https://dblp.uni-trier.de/pid/w/BruceWWatson.html
836;Bruno Courcelle;https://dblp.uni-trier.de/pid/c/BCourcelle.html
443;Bruno Guillon;https://dblp.uni-trier.de/pid/07/10360.html
113;Bryan Krawetz;https://dblp.uni-trier.de/pid/65/5953.html
26;Bundit Pibaljommee;https://dblp.uni-trier.de/pid/118/1344.html
813;Béatrice Bouchou-Markhoff;https://dblp.uni-trier.de/pid/16/1677.html
376;Carlo Mereghetti;https://dblp.uni-trier.de/pid/96/438.html
512;Carsten Fritz;https://dblp.uni-trier.de/pid/23/6419.html
638;Casey Meijer;https://dblp.uni-trier.de/pid/162/0238.html
780;Catalin Ionut Tîrnauca;https://dblp.uni-trier.de/pid/47/4049.html
127;Cezar Câmpeanu;https://dblp.uni-trier.de/pid/41/4735.html
797;Charlotte L. Miller;https://dblp.uni-trier.de/pid/59/3392.html
145;Cheng Li;https://dblp.uni-trier.de/pid/16/6465.html
764;Chiara Epifanio;https://dblp.uni-trier.de/pid/59/3949.html
823;Chih-Hong Cheng;https://dblp.uni-trier.de/pid/64/3701.html
549;Chris J. Kuhlman;https://dblp.uni-trier.de/pid/09/7561.html
320;Christel Baier;https://dblp.uni-trier.de/pid/b/ChristelBaier.html
825;Christian Buckl;https://dblp.uni-trier.de/pid/70/6638.html
393;Christian Rauch;https://dblp.uni-trier.de/pid/51/7703.html
765;Christiane Frougny;https://dblp.uni-trier.de/pid/27/7026.html
516;Christof Baeijs;https://dblp.uni-trier.de/pid/45/4452.html
866;Christof Löding;https://dblp.uni-trier.de/pid/l/ChristofLoding.html
233;Christoph Koch;https://dblp.uni-trier.de/pid/k/ChristophKoch.html
325;Christoph Schulte Althoff;https://dblp.uni-trier.de/pid/01/4421.html
807;Christophe Daguin;https://dblp.uni-trier.de/pid/99/1040.html
635;Christos A. Kapoutsis;https://dblp.uni-trier.de/pid/71/6552.html
134;Chrystopher L. Nehaniv;https://dblp.uni-trier.de/pid/52/5687.html
700;Cinzia Di Giusto;https://dblp.uni-trier.de/pid/86/6994.html
720;Claire Pagetti;https://dblp.uni-trier.de/pid/83/6391.html
662;Claudia Cauli;https://dblp.uni-trier.de/pid/201/5360.html
862;Claus Brabrand;https://dblp.uni-trier.de/pid/61/6274.html
876;Clemens Marschner;https://dblp.uni-trier.de/pid/08/4932.html
560;Clément Miklarz;https://dblp.uni-trier.de/pid/165/8665.html
334;Colin de la Higuera;https://dblp.uni-trier.de/pid/h/CdlHiguera.html
505;Constantinos Bartzis;https://dblp.uni-trier.de/pid/48/1067.html
722;Corinna Cortes;https://dblp.uni-trier.de/pid/77/5783.html
457;Corwin Sinnamon;https://dblp.uni-trier.de/pid/180/5480.html
714;Costas S. Iliopoulos;https://dblp.uni-trier.de/pid/i/CSIliopoulos.html
163;Cristian Calude;https://dblp.uni-trier.de/pid/c/CSCalude.html
779;Cristina Tîrnauca;https://dblp.uni-trier.de/pid/63/1639.html
10;Cyril Allauzen;https://dblp.uni-trier.de/pid/85/2685.html
250;Cyril Nicaud;https://dblp.uni-trier.de/pid/28/881.html
306;Cédric Bastien;https://dblp.uni-trier.de/pid/36/4618.html
499;César Bravo;https://dblp.uni-trier.de/pid/45/581.html
171;Dale Gerdemann;https://dblp.uni-trier.de/pid/33/2120.html
654;Damien Pous;https://dblp.uni-trier.de/pid/47/1298.html
577;Damir Korencic;https://dblp.uni-trier.de/pid/154/2814.html
581;Dana Shapira;https://dblp.uni-trier.de/pid/02/222.html
33;Dane Henshall;https://dblp.uni-trier.de/pid/79/11143.html
32;Daniel Goc;https://dblp.uni-trier.de/pid/179/4995.html
552;Daniel J. Rosenkrantz;https://dblp.uni-trier.de/pid/80/6105.html
776;Daniel Neider;https://dblp.uni-trier.de/pid/47/6419.html
51;Daniel Prusa;https://dblp.uni-trier.de/pid/50/6664.html
69;Daniel Reidenbach;https://dblp.uni-trier.de/pid/92/5487.html
803;Darrell R. Raymond;https://dblp.uni-trier.de/pid/65/3249.html
781;David Cabrero Souto;https://dblp.uni-trier.de/pid/40/684.html
438;David Chiang;https://dblp.uni-trier.de/pid/89/233-1.html
597;David Harel;https://dblp.uni-trier.de/pid/h/DavidHarel.html
356;David Liu;https://dblp.uni-trier.de/pid/09/1814.html
755;David Pereira;https://dblp.uni-trier.de/pid/98/6226.html
572;David Rappaport;https://dblp.uni-trier.de/pid/92/900.html
827;Dawid Weiss;https://dblp.uni-trier.de/pid/09/1765.html
815;Denis Béchet;https://dblp.uni-trier.de/pid/b/DenisBechet.html
379;Denis Debarbieux;https://dblp.uni-trier.de/pid/80/1808.html
670;Denis Kuperberg;https://dblp.uni-trier.de/pid/21/8279.html
137;Denis Lugiez;https://dblp.uni-trier.de/pid/l/DenisLugiez.html
274;Denis Maurel;https://dblp.uni-trier.de/pid/60/3064.html
103;Derick Wood;https://dblp.uni-trier.de/pid/w/DerickWood.html
540;Derrick G. Kourie;https://dblp.uni-trier.de/pid/66/4904.html
703;Diana Geneva;https://dblp.uni-trier.de/pid/249/5768.html
861;Didier Caucal;https://dblp.uni-trier.de/pid/66/871.html
97;Dieter Hofbauer;https://dblp.uni-trier.de/pid/h/DieterHofbauer.html
520;Dietrich Kuske;https://dblp.uni-trier.de/pid/19/4109.html
451;Diptarama Hendrian;https://dblp.uni-trier.de/pid/176/8779.html
88;Djelloul Ziadi;https://dblp.uni-trier.de/pid/83/2086.html
360;Dmitry Chistikov;https://dblp.uni-trier.de/pid/16/8319.html
561;Dmitry Dementyev;https://dblp.uni-trier.de/pid/165/8656.html
340;Dmitry M. Rusakov;https://dblp.uni-trier.de/pid/65/922.html
611;Dominik Schmitz;https://dblp.uni-trier.de/pid/16/658.html
503;Dominique Geniet;https://dblp.uni-trier.de/pid/82/2372.html
285;Dominique L'Her;https://dblp.uni-trier.de/pid/44/4585.html
101;Dominique Lavenier;https://dblp.uni-trier.de/pid/79/1435.html
799;Dominique Revuz;https://dblp.uni-trier.de/pid/63/2821.html
790;Donald R. Franceschetti;https://dblp.uni-trier.de/pid/05/2645.html
166;Dora Giammarresi;https://dblp.uni-trier.de/pid/13/1566.html
794;Edmund Grimley-Evans;https://dblp.uni-trier.de/pid/03/5895.html
669;Edon Kelmendi;https://dblp.uni-trier.de/pid/140/7385.html
213;Egor Dolzhenko;https://dblp.uni-trier.de/pid/16/6072.html
477;Elena V. Pribavkina;https://dblp.uni-trier.de/pid/49/4386.html
68;Eleni Mandrali;https://dblp.uni-trier.de/pid/48/7737.html
566;Emanuele Giaquinta;https://dblp.uni-trier.de/pid/16/5567.html
639;Emil Lerner;https://dblp.uni-trier.de/pid/161/6309.html
716;Emine Seid-Hilmi;https://dblp.uni-trier.de/pid/66/1105.html
818;Erez Buchnik;https://dblp.uni-trier.de/pid/39/3884.html
346;Eric Balkanski;https://dblp.uni-trier.de/pid/132/1997.html
539;Ernest Ketcha Ngassam;https://dblp.uni-trier.de/pid/k/ErnestKetchaNgassam.html
143;Esko Ukkonen;https://dblp.uni-trier.de/pid/u/EskoUkkonen.html
809;Eugene Eberbach;https://dblp.uni-trier.de/pid/e/EEberbach.html
858;Eugene Weinstein;https://dblp.uni-trier.de/pid/22/3249.html
392;Eva Maia;https://dblp.uni-trier.de/pid/125/2364.html
844;Evgeny Skvortsov;https://dblp.uni-trier.de/pid/58/9670.html
845;Evgeny Tipikin;https://dblp.uni-trier.de/pid/08/9672.html
85;Fabien Coulon;https://dblp.uni-trier.de/pid/79/5612.html
513;Faissal Ouardi;https://dblp.uni-trier.de/pid/48/3952.html
523;Fang Yu;https://dblp.uni-trier.de/pid/44/3505-1.html
511;Farn Wang;https://dblp.uni-trier.de/pid/27/3868.html
29;Fedor M. Fominykh;https://dblp.uni-trier.de/pid/129/5650.html
743;Fei Xie;https://dblp.uni-trier.de/pid/51/1316.html
798;Fernando C. N. Pereira;https://dblp.uni-trier.de/pid/p/FernandoCNPereira.html
350;Fevzi Belli;https://dblp.uni-trier.de/pid/74/4321.html
767;Filippo Mignosi;https://dblp.uni-trier.de/pid/m/FilippoMignosi.html
416;Firat Kiyak;https://dblp.uni-trier.de/pid/61/61.html
398;Florent Jacquemard;https://dblp.uni-trier.de/pid/04/704.html
87;Florent Nicart;https://dblp.uni-trier.de/pid/04/692.html
400;Florian Bruse;https://dblp.uni-trier.de/pid/130/3850.html
475;Florin Manea;https://dblp.uni-trier.de/pid/67/4899.html
18;Francesca Fiorenzi;https://dblp.uni-trier.de/pid/43/5101.html
347;Francine Blanchet-Sadri;https://dblp.uni-trier.de/pid/b/FBlanchetSadri.html
616;Francisco J. Ribadas;https://dblp.uni-trier.de/pid/01/2938.html
685;Francisco-Mario Barcala;https://dblp.uni-trier.de/pid/63/5655.html
318;Franck Guingne;https://dblp.uni-trier.de/pid/50/6237.html
403;Frank Drewes;https://dblp.uni-trier.de/pid/d/FrankDrewes.html
686;Frank Katritzke;https://dblp.uni-trier.de/pid/09/6913.html
619;Frank Olivier;https://dblp.uni-trier.de/pid/75/4604.html
449;Frank Stephan;https://dblp.uni-trier.de/pid/s/FrankStephan.html
52;Frantisek Mráz;https://dblp.uni-trier.de/pid/38/5599.html
37;Franz Jahn;https://dblp.uni-trier.de/pid/118/1311.html
465;Franziska Biegler;https://dblp.uni-trier.de/pid/37/153.html
245;François Barthélemy;https://dblp.uni-trier.de/pid/24/2181.html
782;François Bertault;https://dblp.uni-trier.de/pid/48/609.html
199;François Cantin;https://dblp.uni-trier.de/pid/79/6837.html
48;Friedrich Otto;https://dblp.uni-trier.de/pid/03/67.html
353;Fritz Henglein;https://dblp.uni-trier.de/pid/h/FritzHenglein.html
335;Frédéric Piat;https://dblp.uni-trier.de/pid/92/2095.html
336;Frédéric Tantini;https://dblp.uni-trier.de/pid/39/6778.html
869;Frédérique Bassino;https://dblp.uni-trier.de/pid/75/2199.html
173;Gabriel Thierrin;https://dblp.uni-trier.de/pid/t/GabrielThierrin.html
42;Galina Jirásková;https://dblp.uni-trier.de/pid/j/GJiraskova.html
144;Gaoyan Xie;https://dblp.uni-trier.de/pid/38/1949.html
502;Gaëlle Largeteau;https://dblp.uni-trier.de/pid/l/GaelleLargeteauSkapin.html
522;Geng-Dian Hwang;https://dblp.uni-trier.de/pid/81/171.html
80;Georg Lojka;https://dblp.uni-trier.de/pid/97/6960.html
169;George Anton Kiraz;https://dblp.uni-trier.de/pid/75/2891.html
484;George Rahonis;https://dblp.uni-trier.de/pid/43/2367.html
704;Georgi Shopov;https://dblp.uni-trier.de/pid/249/5355.html
461;Georgios Ch. Sirakoulis;https://dblp.uni-trier.de/pid/07/6238.html
120;German Tischler;https://dblp.uni-trier.de/pid/71/5443.html
170;Gertjan van Noord;https://dblp.uni-trier.de/pid/09/4143.html
172;Gheorghe Paun;https://dblp.uni-trier.de/pid/p/GPaun.html
23;Gian Luigi Ferrari;https://dblp.uni-trier.de/pid/f/GianLuigiFerrari.html
24;Gianluca Mezzetti;https://dblp.uni-trier.de/pid/96/10107.html
579;Gilad Baruch;https://dblp.uni-trier.de/pid/186/0436.html
586;Giorgio Satta;https://dblp.uni-trier.de/pid/69/6644.html
223;Giovanni Pighizzini;https://dblp.uni-trier.de/pid/87/6893.html
630;Giuseppe Perelli;https://dblp.uni-trier.de/pid/08/10670.html
234;Giusi Castiglione;https://dblp.uni-trier.de/pid/g/GiusiCastiglione.html
496;Gloria Andrade;https://dblp.uni-trier.de/pid/68/2186.html
194;Gloria Inés Alvarez;https://dblp.uni-trier.de/pid/97/8237.html
232;Gonzalo Navarro;https://dblp.uni-trier.de/pid/n/GonzaloNavarro.html
842;Gordana Pavlovic-Lazetic;https://dblp.uni-trier.de/pid/05/4417.html
681;Gregor von Bochmann;https://dblp.uni-trier.de/pid/b/GvBochmann.html
783;Gregory Kucherov;https://dblp.uni-trier.de/pid/k/GregoryKucherov.html
569;Grzegorz Madejski;https://dblp.uni-trier.de/pid/142/1133.html
6;Grzegorz Rozenberg;https://dblp.uni-trier.de/pid/r/GrzegorzRozenberg.html
746;Guillaume Bonfante;https://dblp.uni-trier.de/pid/98/2498.html
742;Guowu Yang;https://dblp.uni-trier.de/pid/38/4538.html
709;Guy Arbitman;https://dblp.uni-trier.de/pid/292/6337.html
748;Guy Perrier;https://dblp.uni-trier.de/pid/70/3797.html
154;Gérard Duchamp;https://dblp.uni-trier.de/pid/d/GerardDuchamp.html
373;Géraud Sénizergues;https://dblp.uni-trier.de/pid/38/4510.html
118;H. F. Ting;https://dblp.uni-trier.de/pid/t/HingFungTing.html
189;Hadrien Jeanne;https://dblp.uni-trier.de/pid/16/2622.html
273;Hanlin Lu;https://dblp.uni-trier.de/pid/31/7172.html
855;Hannu Peltola;https://dblp.uni-trier.de/pid/69/340.html
99;Hans Zantema;https://dblp.uni-trier.de/pid/z/HZantema.html
602;Hans-Jörg Kreowski;https://dblp.uni-trier.de/pid/k/JHKreowski.html
211;Harald Hempel;https://dblp.uni-trier.de/pid/h/HaraldHempel.html
329;Hariharan Subramanian;https://dblp.uni-trier.de/pid/55/1359.html
724;Hartmut Messerschmidt;https://dblp.uni-trier.de/pid/16/3031.html
115;Harumichi Nishimura;https://dblp.uni-trier.de/pid/02/5630.html
197;Haruo Hosoya;https://dblp.uni-trier.de/pid/13/6560.html
750;Heikki Hyyrö;https://dblp.uni-trier.de/pid/24/5109.html
277;Heiko Goeman;https://dblp.uni-trier.de/pid/79/2132.html
494;Heiko Körner;https://dblp.uni-trier.de/pid/82/3309.html
405;Heiko Vogler;https://dblp.uni-trier.de/pid/v/HeikoVogler.html
141;Hellis Tamm;https://dblp.uni-trier.de/pid/56/5603.html
149;Helmut Jürgensen;https://dblp.uni-trier.de/pid/j/HJurgensen.html
795;Helmut Lescow;https://dblp.uni-trier.de/pid/90/4218.html
54;Helmut Seidl;https://dblp.uni-trier.de/pid/s/HelmutSeidl.html
83;Henning Bordihn;https://dblp.uni-trier.de/pid/49/1455.html
564;Henning Fernau;https://dblp.uni-trier.de/pid/f/HenningFernau.html
660;Henrik Björklund;https://dblp.uni-trier.de/pid/24/853.html
262;Hermann Gruber;https://dblp.uni-trier.de/pid/86/1702.html
388;Hideo Bannai;https://dblp.uni-trier.de/pid/44/2355.html
598;Hillel Kugler;https://dblp.uni-trier.de/pid/59/2178.html
727;Hing Leung;https://dblp.uni-trier.de/pid/14/3402.html
425;Hiroyuki Seki;https://dblp.uni-trier.de/pid/09/4711.html
626;Holger Bock Axelsen;https://dblp.uni-trier.de/pid/42/2723.html
734;Hong-Yi Wang;https://dblp.uni-trier.de/pid/12/3055.html
345;Houda Abbad;https://dblp.uni-trier.de/pid/132/1961.html
179;Hsu-Chun Yen;https://dblp.uni-trier.de/pid/y/HsuChunYen.html
531;Hsueh-I Lu;https://dblp.uni-trier.de/pid/l/HsuehILu.html
668;Hugo Gimbert;https://dblp.uni-trier.de/pid/22/250.html
589;Hwee Kim;https://dblp.uni-trier.de/pid/139/8245.html
699;Hyeonseung Im;https://dblp.uni-trier.de/pid/78/997.html
395;Hyunjoon Cheon;https://dblp.uni-trier.de/pid/228/6835.html
575;Ian Douglas Sanders;https://dblp.uni-trier.de/pid/19/38.html
90;Ian McQuillan;https://dblp.uni-trier.de/pid/85/1477.html
297;Igor Litovsky;https://dblp.uni-trier.de/pid/84/635.html
313;Ikuo Kawaharada;https://dblp.uni-trier.de/pid/83/4294.html
666;Indhumathi Raman;https://dblp.uni-trier.de/pid/154/8959.html
44;Ines Klimann;https://dblp.uni-trier.de/pid/12/1449.html
521;Ingmar Meinecke;https://dblp.uni-trier.de/pid/12/2285.html
828;Ingo Felscher;https://dblp.uni-trier.de/pid/55/118.html
730;Ingo Pill;https://dblp.uni-trier.de/pid/49/690.html
837;Irène Durand;https://dblp.uni-trier.de/pid/11/4474.html
304;Isabelle Simplot-Ryl;https://dblp.uni-trier.de/pid/s/ISimplotRyl.html
341;Isabelle Tellier;https://dblp.uni-trier.de/pid/81/6429.html
126;Ivan Zakharyaschev;https://dblp.uni-trier.de/pid/08/2272.html
469;Ivana Krajnáková;https://dblp.uni-trier.de/pid/147/8411.html
462;Ivone Amorim;https://dblp.uni-trier.de/pid/118/5957.html
676;Iñaki Alegria;https://dblp.uni-trier.de/pid/77/2513.html
641;J. Andres Montoya;https://dblp.uni-trier.de/pid/90/3379.html
623;J. Howard Johnson;https://dblp.uni-trier.de/pid/01/4388.html
696;Jacobie Mouton;https://dblp.uni-trier.de/pid/296/0334.html
13;Jacques Chabin;https://dblp.uni-trier.de/pid/72/463.html
296;Jacques Farré;https://dblp.uni-trier.de/pid/80/61.html
67;Jacques Sakarovitch;https://dblp.uni-trier.de/pid/29/910.html
261;Jae-Hee Ahn;https://dblp.uni-trier.de/pid/88/7174.html
637;Jakub Kowalski;https://dblp.uni-trier.de/pid/93/11142.html
406;Jakub Ruszil;https://dblp.uni-trier.de/pid/263/2917.html
648;Jakub Waszczuk;https://dblp.uni-trier.de/pid/80/7247.html
792;James Glenn;https://dblp.uni-trier.de/pid/32/6061.html
834;James Jerson Ortiz;https://dblp.uni-trier.de/pid/24/8836.html
753;Jan Antos;https://dblp.uni-trier.de/pid/75/191.html
165;Jan Daciuk;https://dblp.uni-trier.de/pid/89/931.html
241;Jan Holub;https://dblp.uni-trier.de/pid/h/JHolub.html
839;Jan Janousek;https://dblp.uni-trier.de/pid/21/1027.html
207;Jan Lahoda;https://dblp.uni-trier.de/pid/10/994.html
272;Jan Procházka;https://dblp.uni-trier.de/pid/68/7172.html
689;Jan Skryja;https://dblp.uni-trier.de/pid/73/3804.html
324;Jan Strejcek;https://dblp.uni-trier.de/pid/37/1716.html
877;Jan Supol;https://dblp.uni-trier.de/pid/43/5661.html
208;Jan Zdárek;https://dblp.uni-trier.de/pid/z/JanZdarek.html
4;Janusz A. Brzozowski;https://dblp.uni-trier.de/pid/b/JABrzozowski.html
317;Jason Eisner;https://dblp.uni-trier.de/pid/37/3263.html
308;Jason R. Smith;https://dblp.uni-trier.de/pid/59/3307.html
458;Javier Esparza;https://dblp.uni-trier.de/pid/e/JEsparza.html
474;Javier Gil;https://dblp.uni-trier.de/pid/15/7673.html
268;Javier Miguel Sastre-Martínez;https://dblp.uni-trier.de/pid/93/7172.html
76;Jean Berstel;https://dblp.uni-trier.de/pid/b/JeanBerstel.html
45;Jean Mairesse;https://dblp.uni-trier.de/pid/87/1132.html
237;Jean Vuillemin;https://dblp.uni-trier.de/pid/67/335.html
289;Jean-Francis Michon;https://dblp.uni-trier.de/pid/91/3645.html
258;Jean-François Raskin;https://dblp.uni-trier.de/pid/05/4174.html
567;Jean-Luc Joly;https://dblp.uni-trier.de/pid/165/8672.html
167;Jean-Luc Ponty;https://dblp.uni-trier.de/pid/15/3639.html
58;Jean-Marc Champarnaud;https://dblp.uni-trier.de/pid/30/6143.html
359;Jean-Marc Talbot;https://dblp.uni-trier.de/pid/t/JMTalbot.html
130;Jean-Michel Couvreur;https://dblp.uni-trier.de/pid/32/1671.html
188;Jean-Philippe Dubernard;https://dblp.uni-trier.de/pid/86/106.html
34;Jeffrey O. Shallit;https://dblp.uni-trier.de/pid/s/JeffreyShallit.html
726;Jens Glöckler;https://dblp.uni-trier.de/pid/07/5027.html
612;Jens Vöge;https://dblp.uni-trier.de/pid/47/6609.html
497;Jesús Vilares;https://dblp.uni-trier.de/pid/v/JesusVilares.html
333;Jesús Vilares Ferro;https://dblp.uni-trier.de/pid/v/JesusVilares.html
625;Jiamou Liu;https://dblp.uni-trier.de/pid/46/4291.html
249;Jianlong Tan;https://dblp.uni-trier.de/pid/19/336.html
525;Jianwen Su;https://dblp.uni-trier.de/pid/s/JWSu.html
485;Jibran Rashid;https://dblp.uni-trier.de/pid/144/7555.html
690;Jim Morey;https://dblp.uni-trier.de/pid/68/3528.html
850;Jinfeng Zan;https://dblp.uni-trier.de/pid/33/2837.html
270;Jing Cao;https://dblp.uni-trier.de/pid/74/837.html
621;Jiri Dvorský;https://dblp.uni-trier.de/pid/53/3923.html
319;Joachim Klein;https://dblp.uni-trier.de/pid/k/JoachimKlein1.html
381;Joachim Niehren;https://dblp.uni-trier.de/pid/n/JNiehren.html
752;Johan Schalkwyk;https://dblp.uni-trier.de/pid/98/6688.html
298;Johann Deneux;https://dblp.uni-trier.de/pid/76/2580.html
432;Johanna Björklund;https://dblp.uni-trier.de/pid/75/5525.html
314;Johanna Högberg;https://dblp.uni-trier.de/pid/75/5525.html
482;Johannes Osterholzer;https://dblp.uni-trier.de/pid/147/8509.html
98;Johannes Waldmann;https://dblp.uni-trier.de/pid/33/1518.html
787;John A. Rose;https://dblp.uni-trier.de/pid/68/5365.html
114;John Lawrence;https://dblp.uni-trier.de/pid/77/5317.html
675;John Wittnebel;https://dblp.uni-trier.de/pid/179/2511.html
618;John-Paul Harper;https://dblp.uni-trier.de/pid/76/2598.html
74;Jonathan Lee;https://dblp.uni-trier.de/pid/30/3557-5.html
717;Jonathan May;https://dblp.uni-trier.de/pid/00/4758.html
868;Joni Burnette Pirnot;https://dblp.uni-trier.de/pid/47/5591.html
628;Jorge Calvo-Zaragoza;https://dblp.uni-trier.de/pid/136/2163.html
495;Jorge Graña;https://dblp.uni-trier.de/pid/g/JorgeGranaGil.html
123;Jorge Graña Gil;https://dblp.uni-trier.de/pid/g/JorgeGranaGil.html
856;Jorma Tarhio;https://dblp.uni-trier.de/pid/t/JormaTarhio.html
747;Joseph Le Roux;https://dblp.uni-trier.de/pid/25/5993.html
12;Joshua Amavi;https://dblp.uni-trier.de/pid/82/9959.html
427;Joshua Young;https://dblp.uni-trier.de/pid/120/6413.html
244;José Alves;https://dblp.uni-trier.de/pid/54/7174.html
754;José Bacelar Almeida;https://dblp.uni-trier.de/pid/66/3456.html
603;José Fortes Gálvez;https://dblp.uni-trier.de/pid/58/4731.html
338;José João Morais;https://dblp.uni-trier.de/pid/80/2024.html
536;José M. Castaño;https://dblp.uni-trier.de/pid/32/1457.html
132;José Morais;https://dblp.uni-trier.de/pid/38/6116.html
9;José Nuno Oliveira;https://dblp.uni-trier.de/pid/o/JoseNunoOliveira.html
629;José Oncina;https://dblp.uni-trier.de/pid/63/548.html
195;José Ruiz;https://dblp.uni-trier.de/pid/39/386-1.html
107;Jozef Jirásek;https://dblp.uni-trier.de/pid/45/123.html
634;Jozef Jirásek Jr.;https://dblp.uni-trier.de/pid/182/6176.html
498;João José Neto;https://dblp.uni-trier.de/pid/49/6444.html
591;João Pires;https://dblp.uni-trier.de/pid/92/4408-2.html
122;Juan Otero;https://dblp.uni-trier.de/pid/o/JOteroP.html
332;Juan Otero Pombo;https://dblp.uni-trier.de/pid/o/JOteroP.html
509;Juhani Karhumäki;https://dblp.uni-trier.de/pid/k/JuhaniKarhumaki.html
542;Julie Carson-Berndsen;https://dblp.uni-trier.de/pid/81/2648.html
870;Julien David;https://dblp.uni-trier.de/pid/27/1726.html
479;Juraj Sebej;https://dblp.uni-trier.de/pid/60/9959.html
307;Jurek Czyzowicz;https://dblp.uni-trier.de/pid/23/584.html
437;Justin DeBenedetto;https://dblp.uni-trier.de/pid/192/1754.html
150;Jérôme Amilhastre;https://dblp.uni-trier.de/pid/94/439.html
275;Jürgen Albert;https://dblp.uni-trier.de/pid/00/5474.html
613;K. Sasidharan;https://dblp.uni-trier.de/pid/29/5029.html
3;Kai Salomaa;https://dblp.uni-trier.de/pid/02/6009.html
106;Kaizhong Zhang;https://dblp.uni-trier.de/pid/89/4269.html
608;Kamal Lodaya;https://dblp.uni-trier.de/pid/l/KamalLodaya.html
691;Kamran Sedig;https://dblp.uni-trier.de/pid/s/KamranSedig.html
456;Kanduru V. Krishna;https://dblp.uni-trier.de/pid/27/10482.html
164;Karel Culík II;https://dblp.uni-trier.de/pid/c/KarelCulikII.html
751;Karen Rudie;https://dblp.uni-trier.de/pid/23/2503.html
830;Katja Meckel;https://dblp.uni-trier.de/pid/70/9958.html
196;Kazuhiro Inaba;https://dblp.uni-trier.de/pid/74/410.html
218;Kazuhito Hagio;https://dblp.uni-trier.de/pid/91/5828.html
265;Kazuo Iwama;https://dblp.uni-trier.de/pid/65/4683.html
595;Kazuyuki Asada;https://dblp.uni-trier.de/pid/00/2793.html
269;Kees Hemerik;https://dblp.uni-trier.de/pid/h/KeesHemerik.html
596;Keisuke Nakano;https://dblp.uni-trier.de/pid/32/3049-1.html
424;Kenji Hashimoto;https://dblp.uni-trier.de/pid/22/5692.html
644;Kenny Zhuo Ming Lu;https://dblp.uni-trier.de/pid/33/5963.html
718;Kevin Knight;https://dblp.uni-trier.de/pid/77/1610.html
706;Kevin Stier;https://dblp.uni-trier.de/pid/265/9625.html
228;Khaled El-Fakih;https://dblp.uni-trier.de/pid/83/1062.html
653;Kim Guldstrand Larsen;https://dblp.uni-trier.de/pid/l/KimGuldstrandLarsen.html
878;Kimmo Koskenniemi;https://dblp.uni-trier.de/pid/17/6905.html
466;Kira Goldner;https://dblp.uni-trier.de/pid/147/8529.html
384;Klaus Sutner;https://dblp.uni-trier.de/pid/48/2296.html
671;Klaus U. Schulz;https://dblp.uni-trier.de/pid/s/KUSchulz.html
468;Kristína Cevorová;https://dblp.uni-trier.de/pid/131/2471.html
757;Krzysztof Chmiel;https://dblp.uni-trier.de/pid/43/2330.html
874;Ladislav Vagner;https://dblp.uni-trier.de/pid/95/5508.html
701;Laetitia Laversa;https://dblp.uni-trier.de/pid/225/6395.html
665;Lakshmanan Kuppusamy;https://dblp.uni-trier.de/pid/82/730.html
636;Lamana Mulaffer;https://dblp.uni-trier.de/pid/182/6182.html
849;Larissa Werlein;https://dblp.uni-trier.de/pid/07/2826.html
354;Lasse Nielsen;https://dblp.uni-trier.de/pid/51/8776.html
407;Laura K. Hutchinson;https://dblp.uni-trier.de/pid/259/0271.html
430;Laurent Bartholdi;https://dblp.uni-trier.de/pid/64/3883.html
796;Laurent Chauvier;https://dblp.uni-trier.de/pid/20/2564.html
859;Laurent Noé;https://dblp.uni-trier.de/pid/65/3202.html
599;Lauri Karttunen;https://dblp.uni-trier.de/pid/71/5675.html
535;Leandro Rodríguez Liñares;https://dblp.uni-trier.de/pid/19/892.html
65;Li Guo;https://dblp.uni-trier.de/pid/02/929-1.html
138;Libor Polák;https://dblp.uni-trier.de/pid/73/3073.html
110;Lila Kari;https://dblp.uni-trier.de/pid/k/LilaKari.html
129;Liliana Cojocaru;https://dblp.uni-trier.de/pid/23/293.html
287;Lionel Marcé;https://dblp.uni-trier.de/pid/67/3488.html
221;Lisa Kaati;https://dblp.uni-trier.de/pid/34/5632.html
94;Loek G. Cleophas;https://dblp.uni-trier.de/pid/c/LoekCleophas.html
321;Louis Latour;https://dblp.uni-trier.de/pid/72/5451.html
672;Louis-Marie Dando;https://dblp.uni-trier.de/pid/201/5390.html
312;Louis-Noël Pouchet;https://dblp.uni-trier.de/pid/41/5129.html
655;Luca Aceto;https://dblp.uni-trier.de/pid/a/LucaAceto.html
555;Luca Breveglieri;https://dblp.uni-trier.de/pid/06/4342.html
444;Luca Prigioniero;https://dblp.uni-trier.de/pid/182/9958.html
472;Luca Saiu;https://dblp.uni-trier.de/pid/23/9.html
715;Lucian Ilie;https://dblp.uni-trier.de/pid/i/LucianIlie.html
59;Ludovic Mignot;https://dblp.uni-trier.de/pid/06/761.html
168;Ludwig Staiger;https://dblp.uni-trier.de/pid/s/LudwigStaiger.html
695;Luiza de Macedo Mourelle;https://dblp.uni-trier.de/pid/20/999.html
185;Lukás Holík;https://dblp.uni-trier.de/pid/64/6177.html
399;Lydia Rodriguez de la Nava;https://dblp.uni-trier.de/pid/321/6450.html
147;Lynette van Zijl;https://dblp.uni-trier.de/pid/02/4801.html
370;M. Sohel Rahman;https://dblp.uni-trier.de/pid/r/MohammadSohelRahman.html
421;M. Utkan Gezer;https://dblp.uni-trier.de/pid/267/9809.html
693;M. Wayne Wilson;https://dblp.uni-trier.de/pid/70/4605.html
544;Maciej Troc;https://dblp.uni-trier.de/pid/49/4233.html
550;Madhav V. Marathe;https://dblp.uni-trier.de/pid/52/991.html
212;Madlen Kimmritz;https://dblp.uni-trier.de/pid/72/4078.html
867;Magnus Steinby;https://dblp.uni-trier.de/pid/s/MagnusSteinby.html
526;Makoto Murata;https://dblp.uni-trier.de/pid/46/4043.html
25;Manfred Droste;https://dblp.uni-trier.de/pid/d/ManfredDroste.html
38;Manfred Kufleitner;https://dblp.uni-trier.de/pid/79/477.html
568;Mans Hulden;https://dblp.uni-trier.de/pid/69/1625.html
719;Manuel Baclet;https://dblp.uni-trier.de/pid/29/3150.html
131;Manuel Delgado;https://dblp.uni-trier.de/pid/09/3115.html
193;Manuel Vazquez de Parga;https://dblp.uni-trier.de/pid/87/3323.html
121;Manuel Vilares Ferro;https://dblp.uni-trier.de/pid/v/MVilaresF.html
775;Marcel Vollweiler;https://dblp.uni-trier.de/pid/57/9125.html
300;Marcella Anselmo;https://dblp.uni-trier.de/pid/91/3140.html
226;Marcin Piatkowski;https://dblp.uni-trier.de/pid/71/2618.html
182;Marco Almeida;https://dblp.uni-trier.de/pid/53/3527.html
435;Marco Cognetta;https://dblp.uni-trier.de/pid/223/4918.html
731;Marco Roveri;https://dblp.uni-trier.de/pid/83/563.html
299;Marcus Nilsson;https://dblp.uni-trier.de/pid/05/1762.html
745;Marek A. Perkowski;https://dblp.uni-trier.de/pid/01/5162.html
391;Marek Szykula;https://dblp.uni-trier.de/pid/97/10625.html
864;Margareta Ackerman;https://dblp.uni-trier.de/pid/81/894.html
344;Margus Veanes;https://dblp.uni-trier.de/pid/42/6841.html
301;Maria Madonia;https://dblp.uni-trier.de/pid/74/2120.html
464;Maria Paola Bianchi;https://dblp.uni-trier.de/pid/70/8932.html
483;Maria Pittou;https://dblp.uni-trier.de/pid/147/8557.html
155;Marianne Flouret;https://dblp.uni-trier.de/pid/27/606.html
152;Marie-Catherine Vilarem;https://dblp.uni-trier.de/pid/02/2880.html
288;Marie-Chantal Beaulieu;https://dblp.uni-trier.de/pid/26/6700.html
236;Marinella Sciortino;https://dblp.uni-trier.de/pid/86/6093.html
81;Marion Oswald;https://dblp.uni-trier.de/pid/97/5256.html
473;Marius Dumitran;https://dblp.uni-trier.de/pid/147/8451.html
89;Mark Daley;https://dblp.uni-trier.de/pid/d/MarkDaley.html
135;Mark G. Eramian;https://dblp.uni-trier.de/pid/78/3954.html
84;Markus Holzer;https://dblp.uni-trier.de/pid/h/MarkusHolzer1.html
70;Markus L. Schmid;https://dblp.uni-trier.de/pid/65/9125.html
322;Markus Lohrey;https://dblp.uni-trier.de/pid/76/1674.html
174;Markus Seuring;https://dblp.uni-trier.de/pid/86/919.html
645;Markus Teichmann;https://dblp.uni-trier.de/pid/166/0758.html
707;Markus Ulbricht;https://dblp.uni-trier.de/pid/82/11198-1.html
397;Martin Berglund;https://dblp.uni-trier.de/pid/59/9687.html
47;Martin Kutrib;https://dblp.uni-trier.de/pid/k/MartinKutrib.html
402;Martin Lange;https://dblp.uni-trier.de/pid/181/2007-1.html
725;Martin Plátek;https://dblp.uni-trier.de/pid/16/613.html
231;Martin Simunek;https://dblp.uni-trier.de/pid/37/6148.html
643;Martin Sulzmann;https://dblp.uni-trier.de/pid/94/756.html
266;Martin Zimmermann;https://dblp.uni-trier.de/pid/70/5831-2.html
470;Marzio De Biasi;https://dblp.uni-trier.de/pid/137/8219.html
570;Masaki Nakanishi;https://dblp.uni-trier.de/pid/94/270.html
528;Masami Hagiya;https://dblp.uni-trier.de/pid/h/MasamiHagiya.html
219;Masayuki Takeda;https://dblp.uni-trier.de/pid/35/1544.html
847;Massimiliano Goldwurm;https://dblp.uni-trier.de/pid/69/1383.html
357;Mathieu Caralp;https://dblp.uni-trier.de/pid/117/1582.html
100;Mathieu Giraud;https://dblp.uni-trier.de/pid/05/3181.html
832;Matteo Pradella;https://dblp.uni-trier.de/pid/33/713.html
136;Matthew Drotar;https://dblp.uni-trier.de/pid/20/1900.html
348;Matthew Kilgore;https://dblp.uni-trier.de/pid/132/2005.html
378;Matthias Wendlandt;https://dblp.uni-trier.de/pid/55/10307.html
737;Matthieu Constant;https://dblp.uni-trier.de/pid/84/1588.html
46;Matthieu Picantin;https://dblp.uni-trier.de/pid/00/5897.html
142;Matti Nykänen;https://dblp.uni-trier.de/pid/45/6004.html
478;Matús Palmovský;https://dblp.uni-trier.de/pid/133/6735.html
401;Maurice Herwig;https://dblp.uni-trier.de/pid/321/6412.html
785;Max H. Garzon;https://dblp.uni-trier.de/pid/52/2077.html
295;Max Silberztein;https://dblp.uni-trier.de/pid/06/150.html
507;Maxime Crochemore;https://dblp.uni-trier.de/pid/c/MCrochemore.html
460;Maximilian Schlund;https://dblp.uni-trier.de/pid/62/8217.html
677;Maxux J. Aranzabe;https://dblp.uni-trier.de/pid/22/987.html
368;Md. Mahbubul Hasan;https://dblp.uni-trier.de/pid/28/10360.html
565;Meenakshi Paramasivan;https://dblp.uni-trier.de/pid/165/8675.html
49;Mehryar Mohri;https://dblp.uni-trier.de/pid/03/5448.html
417;Meriç Üngör;https://dblp.uni-trier.de/pid/318/2744.html
428;Michael D. Riley;https://dblp.uni-trier.de/pid/73/924.html
71;Michael Domaratzki;https://dblp.uni-trier.de/pid/30/3872.html
772;Michael Gerbush;https://dblp.uni-trier.de/pid/59/9125.html
175;Michael Gössel;https://dblp.uni-trier.de/pid/70/3307.html
865;Michael Holtmann;https://dblp.uni-trier.de/pid/193/1735.html
606;Michael I. Schwartzbach;https://dblp.uni-trier.de/pid/s/MichaelISchwartzbach.html
459;Michael Luttenberger;https://dblp.uni-trier.de/pid/62/964.html
11;Michael Riley;https://dblp.uni-trier.de/pid/73/924.html
263;Michael Tautschnig;https://dblp.uni-trier.de/pid/18/1323.html
688;Michael Thomas;https://dblp.uni-trier.de/pid/10/695-4.html
342;Michael Vielhaber;https://dblp.uni-trier.de/pid/92/272-1.html
592;Michael Wehar;https://dblp.uni-trier.de/pid/146/7766.html
410;Michal Hospodár;https://dblp.uni-trier.de/pid/182/6122.html
873;Michal Vorácek;https://dblp.uni-trier.de/pid/84/1150.html
17;Michel Coornaert;https://dblp.uni-trier.de/pid/96/395.html
93;Michiel Frishert;https://dblp.uni-trier.de/pid/81/1215.html
488;Miguel A. Alonso;https://dblp.uni-trier.de/pid/a/MiguelAAlonso.html
559;Miguel Ferreira;https://dblp.uni-trier.de/pid/19/7.html
491;Mihaela Gheorghiu;https://dblp.uni-trier.de/pid/g/MihaelaGheorghiuBobaru.html
190;Mihaela Paun;https://dblp.uni-trier.de/pid/28/6153.html
178;Mihalis Yannakakis;https://dblp.uni-trier.de/pid/y/MihalisYannakakis.html
852;Mikel L. Forcada;https://dblp.uni-trier.de/pid/07/536.html
860;Mikhail A. Roytberg;https://dblp.uni-trier.de/pid/09/5209.html
15;Mikhail V. Berlinkov;https://dblp.uni-trier.de/pid/79/7411.html
30;Mikhail V. Volkov;https://dblp.uni-trier.de/pid/78/4640.html
305;Miklós Bartha;https://dblp.uni-trier.de/pid/13/5665.html
337;Miklós Krész;https://dblp.uni-trier.de/pid/77/1889.html
843;Milos Pajic;https://dblp.uni-trier.de/pid/37/9960.html
711;Ming Li;https://dblp.uni-trier.de/pid/l/MingLi1.html
777;Ming-Hsien Tsai;https://dblp.uni-trier.de/pid/30/3940-1.html
303;Mireille Clerbout;https://dblp.uni-trier.de/pid/c/MClerbout.html
854;Miri Ben-Nissan;https://dblp.uni-trier.de/pid/96/2152.html
814;Mirian Halfeld Ferrari Alves;https://dblp.uni-trier.de/pid/f/MirianHalfeldFerrariAlves.html
500;Miroslav Balík;https://dblp.uni-trier.de/pid/46/6328.html
590;Mitja Mastnak;https://dblp.uni-trier.de/pid/166/1600.html
255;Mohamed Faouzi Atig;https://dblp.uni-trier.de/pid/42/4028.html
383;Mohamed Zergaoui;https://dblp.uni-trier.de/pid/79/7504.html
804;Morten Biehl;https://dblp.uni-trier.de/pid/45/756.html
441;Moshe Y. Vardi;https://dblp.uni-trier.de/pid/v/MosheYVardi.html
538;Mukkai S. Krishnamoorthy;https://dblp.uni-trier.de/pid/k/MSKrishnamoorthy.html
351;Mutlu Beyazit;https://dblp.uni-trier.de/pid/38/7215.html
343;Mónica del Pilar Canales Chacon;https://dblp.uni-trier.de/pid/98/6256.html
694;Nadia Nedjah;https://dblp.uni-trier.de/pid/n/NadiaNedjah.html
375;Natalia Kushik;https://dblp.uni-trier.de/pid/72/9959.html
214;Natasa Jonoska;https://dblp.uni-trier.de/pid/j/NatasaJonoska.html
684;Nathalie Friburger;https://dblp.uni-trier.de/pid/02/1922.html
537;Nathan Preston;https://dblp.uni-trier.de/pid/46/1053.html
667;Nathanaël Fijalkow;https://dblp.uni-trier.de/pid/93/8654.html
0;Nelma Moreira;https://dblp.uni-trier.de/pid/n/NelmaMoreira.html
678;Nerea Ezeiza;https://dblp.uni-trier.de/pid/79/3795.html
420;Nevzat Ersoy;https://dblp.uni-trier.de/pid/321/6043.html
36;Nicholas Q. Trân;https://dblp.uni-trier.de/pid/t/NicholasQTran.html
412;Nicholas Tran;https://dblp.uni-trier.de/pid/27/4119.html
327;Nico Wallmeier;https://dblp.uni-trier.de/pid/76/5200.html
650;Nicolaas Weideman;https://dblp.uni-trier.de/pid/182/6157.html
278;Nicolae Santean;https://dblp.uni-trier.de/pid/s/NicolaeSantean.html
238;Nicolas Gama;https://dblp.uni-trier.de/pid/49/4575.html
257;Nicolas Maquet;https://dblp.uni-trier.de/pid/44/5225.html
352;Niels Bjørn Bugge Grathwohl;https://dblp.uni-trier.de/pid/63/9638.html
802;Nils Buhrke;https://dblp.uni-trier.de/pid/77/6082.html
604;Nils Klarlund;https://dblp.uni-trier.de/pid/k/NilsKlarlund.html
229;Nina Yevtushenko;https://dblp.uni-trier.de/pid/33/658.html
663;Nir Piterman;https://dblp.uni-trier.de/pid/p/NPiterman.html
276;Norbert Blum;https://dblp.uni-trier.de/pid/54/4061.html
774;Norbert Hundeshagen;https://dblp.uni-trier.de/pid/27/9125.html
62;Olga Kouchnarenko;https://dblp.uni-trier.de/pid/95/4315.html
413;Olga Martynova;https://dblp.uni-trier.de/pid/191/3141-1.html
543;Olgierd Unold;https://dblp.uni-trier.de/pid/15/3718.html
414;Oliver A. S. Lyon;https://dblp.uni-trier.de/pid/265/6260.html
148;Oliver Boldt;https://dblp.uni-trier.de/pid/09/4485.html
801;Oliver Matz;https://dblp.uni-trier.de/pid/81/5479.html
871;Olivier Blanc;https://dblp.uni-trier.de/pid/49/1174.html
77;Olivier Carton;https://dblp.uni-trier.de/pid/13/6092.html
380;Olivier Gauwin;https://dblp.uni-trier.de/pid/51/7012.html
283;Olivier Rousseau;https://dblp.uni-trier.de/pid/26/4241.html
35;Oscar H. Ibarra;https://dblp.uni-trier.de/pid/i/OscarHIbarra.html
673;Paolo Massazza;https://dblp.uni-trier.de/pid/43/4982.html
220;Parosh Aziz Abdulla;https://dblp.uni-trier.de/pid/a/PAAbdulla.html
57;Pascal Caron;https://dblp.uni-trier.de/pid/77/3565.html
372;Patrick Henry;https://dblp.uni-trier.de/pid/10/4341.html
510;Patrick Hütten;https://dblp.uni-trier.de/pid/38/3950.html
872;Patrick Watrin;https://dblp.uni-trier.de/pid/63/2301.html
7;Paul Gastin;https://dblp.uni-trier.de/pid/g/PaulGastin.html
833;Pavel Martyugin;https://dblp.uni-trier.de/pid/07/5192.html
50;Pavel V. Martyugin;https://dblp.uni-trier.de/pid/07/5192.html
713;Pavlos Antoniou;https://dblp.uni-trier.de/pid/22/6627.html
225;Pawel Baturo;https://dblp.uni-trier.de/pid/68/5692.html
829;Pawel Gawrychowski;https://dblp.uni-trier.de/pid/49/3088.html
192;Pedro García;https://dblp.uni-trier.de/pid/04/2667-1.html
857;Pedro J. Moreno;https://dblp.uni-trier.de/pid/34/3391.html
184;Peter Habermehl;https://dblp.uni-trier.de/pid/22/639.html
633;Peter Mlynárcik;https://dblp.uni-trier.de/pid/146/0422.html
646;Peter Thiemann;https://dblp.uni-trier.de/pid/t/PeterThiemann.html
480;Petr Kurka;https://dblp.uni-trier.de/pid/72/4846.html
112;Petr Sosík;https://dblp.uni-trier.de/pid/89/7033.html
661;Petter Ericson;https://dblp.uni-trier.de/pid/133/7342.html
153;Philippe Andary;https://dblp.uni-trier.de/pid/32/6467.html
151;Philippe Janssen;https://dblp.uni-trier.de/pid/30/6031.html
286;Philippe Le Parc;https://dblp.uni-trier.de/pid/98/1205.html
712;Philippe Veber;https://dblp.uni-trier.de/pid/01/4182.html
21;Pierluigi San Pietro;https://dblp.uni-trier.de/pid/17/906.html
22;Pierpaolo Degano;https://dblp.uni-trier.de/pid/90/1344.html
256;Pierre Ganty;https://dblp.uni-trier.de/pid/16/5983.html
710;Pierre Peterlongo;https://dblp.uni-trier.de/pid/99/1614.html
14;Pierre Réty;https://dblp.uni-trier.de/pid/76/6823.html
201;Pierre Wolper;https://dblp.uni-trier.de/pid/w/PierreWolper.html
358;Pierre-Alain Reynier;https://dblp.uni-trier.de/pid/55/5954.html
60;Pierre-Cyrille Héam;https://dblp.uni-trier.de/pid/50/1007.html
835;Pierre-Yves Schobbens;https://dblp.uni-trier.de/pid/27/3416.html
248;Ping Liu;https://dblp.uni-trier.de/pid/34/188-1.html
769;Piotr Oprocha;https://dblp.uni-trier.de/pid/31/4878.html
330;Priti Shankar;https://dblp.uni-trier.de/pid/59/2499.html
647;Qichao Wang;https://dblp.uni-trier.de/pid/145/5339.html
788;R. C. Murphy;https://dblp.uni-trier.de/pid/56/6114.html
583;R. Ramanujam;https://dblp.uni-trier.de/pid/80/2956.html
323;Radek Pelánek;https://dblp.uni-trier.de/pid/23/6970.html
771;Radu Grosu;https://dblp.uni-trier.de/pid/94/5421.html
259;Radu Iosif;https://dblp.uni-trier.de/pid/81/5510.html
784;Radu Negulescu;https://dblp.uni-trier.de/pid/89/3641.html
851;Rafael C. Carrasco;https://dblp.uni-trier.de/pid/c/RCCarrasco.html
609;Ramaswamy Ramanujam;https://dblp.uni-trier.de/pid/80/2956.html
514;Raphael Poss;https://dblp.uni-trier.de/pid/15/5377.html
162;Reinhard Wilhelm;https://dblp.uni-trier.de/pid/w/ReinhardWilhelm.html
601;Renate Klempien-Hinrichs;https://dblp.uni-trier.de/pid/10/624.html
290;Ricardo Ueda Karpischek;https://dblp.uni-trier.de/pid/93/4971.html
158;Riccardo Catalano;https://dblp.uni-trier.de/pid/67/1510.html
683;Richard A. Kemmerer;https://dblp.uni-trier.de/pid/k/RAKemmerer.html
553;Richard Edwin Stearns;https://dblp.uni-trier.de/pid/s/RichardEdwinStearns.html
404;Richard Mörbitz;https://dblp.uni-trier.de/pid/212/4580.html
339;Rimma I. Podlovchenko;https://dblp.uni-trier.de/pid/61/3416.html
209;Rob J. van Glabbeek;https://dblp.uni-trier.de/pid/g/RobJvanGlabbeek.html
576;Robert Bakaric;https://dblp.uni-trier.de/pid/244/2665.html
692;Robert E. Mercer;https://dblp.uni-trier.de/pid/m/RobertEMercer.html
664;Robert Ferens;https://dblp.uni-trier.de/pid/194/2376.html
863;Robert Giegerich;https://dblp.uni-trier.de/pid/g/RobertGiegerich.html
632;Robert Glück;https://dblp.uni-trier.de/pid/g/RobertGluck.html
541;Robert Kelly;https://dblp.uni-trier.de/pid/61/3074.html
408;Robert Mercas;https://dblp.uni-trier.de/pid/20/2344.html
848;Roberto Radicioni;https://dblp.uni-trier.de/pid/61/1624.html
728;Roderick Bloem;https://dblp.uni-trier.de/pid/80/1300.html
821;Rodrigo Castaño;https://dblp.uni-trier.de/pid/29/9960.html
1;Rogério Reis;https://dblp.uni-trier.de/pid/30/5254.html
806;Romuald Boné;https://dblp.uni-trier.de/pid/82/2359.html
254;Roméo Courbis;https://dblp.uni-trier.de/pid/29/1213.html
680;Ruben Urizar;https://dblp.uni-trier.de/pid/13/2854.html
79;Rudolf Freund;https://dblp.uni-trier.de/pid/84/472.html
738;Ruhsan Onder;https://dblp.uni-trier.de/pid/95/298.html
361;Rupak Majumdar;https://dblp.uni-trier.de/pid/71/1981.html
264;Rusins Freivalds;https://dblp.uni-trier.de/pid/64/1580.html
789;Russell J. Deaton;https://dblp.uni-trier.de/pid/91/5747.html
204;Ryan Dixon;https://dblp.uni-trier.de/pid/90/952.html
452;Ryo Yoshinaka;https://dblp.uni-trier.de/pid/62/4416.html
584;S. P. Suresh;https://dblp.uni-trier.de/pid/34/6797.html
551;S. S. Ravi;https://dblp.uni-trier.de/pid/94/2464.html
800;S. Ulbrand;https://dblp.uni-trier.de/pid/92/768.html
557;Sabine Broda;https://dblp.uni-trier.de/pid/42/4087.html
429;Samira Attou;https://dblp.uni-trier.de/pid/220/4362.html
279;Sandra Huerter;https://dblp.uni-trier.de/pid/48/1861.html
292;Sandro Pedrazzini;https://dblp.uni-trier.de/pid/17/4893.html
367;Sang-Ki Ko;https://dblp.uni-trier.de/pid/71/9491.html
311;Sarah O'Connor;https://dblp.uni-trier.de/pid/70/1542.html
518;Satoru Miyamoto;https://dblp.uni-trier.de/pid/02/6397.html
253;Satoshi Okui;https://dblp.uni-trier.de/pid/02/624.html
374;Sebastian Jakobi;https://dblp.uni-trier.de/pid/65/8396.html
109;Sebastian John;https://dblp.uni-trier.de/pid/24/3612.html
198;Sebastian Maneth;https://dblp.uni-trier.de/pid/m/SebastianManeth.html
759;Sergio Mover;https://dblp.uni-trier.de/pid/59/7880.html
778;Seth Fogarty;https://dblp.uni-trier.de/pid/77/3751.html
73;Sheng Yu;https://dblp.uni-trier.de/pid/y/ShengYu.html
446;Shinnosuke Seki;https://dblp.uni-trier.de/pid/70/1118.html
580;Shmuel T. Klein;https://dblp.uni-trier.de/pid/k/ShmuelTomiKlein.html
853;Shmuel Tomi Klein;https://dblp.uni-trier.de/pid/k/ShmuelTomiKlein.html
455;Shubh Narayan Singh;https://dblp.uni-trier.de/pid/58/10670.html
530;Shufen Lee;https://dblp.uni-trier.de/pid/64/762.html
587;Shuhei Denzumi;https://dblp.uni-trier.de/pid/97/10871.html
387;Shunsuke Inenaga;https://dblp.uni-trier.de/pid/88/1129.html
394;Sicheol Sung;https://dblp.uni-trier.de/pid/321/6407.html
574;Sigrid Ewert;https://dblp.uni-trier.de/pid/28/3680.html
585;Simon Beier;https://dblp.uni-trier.de/pid/185/0479.html
27;Simone Faro;https://dblp.uni-trier.de/pid/92/5606.html
732;Simone Semprini;https://dblp.uni-trier.de/pid/75/286.html
756;Simão Melo de Sousa;https://dblp.uni-trier.de/pid/35/5844.html
770;Slawomir Bakalarski;https://dblp.uni-trier.de/pid/47/9125.html
840;Solon P. Pissis;https://dblp.uni-trier.de/pid/89/7966.html
242;Stanislav Stekr;https://dblp.uni-trier.de/pid/35/7175.html
791;Stanley Edward Stevens Jr.;https://dblp.uni-trier.de/pid/56/545.html
111;Stavros Konstantinidis;https://dblp.uni-trier.de/pid/k/StavrosKonstantinidis.html
442;Stefan Gerdjikov;https://dblp.uni-trier.de/pid/49/637.html
422;Stefan Hoffmann;https://dblp.uni-trier.de/pid/73/962-1.html
20;Stefano Crespi-Reghizzi;https://dblp.uni-trier.de/pid/c/SCrespiReghizzi.html
708;Stefano Scafiti;https://dblp.uni-trier.de/pid/247/4205.html
760;Stefano Tonetta;https://dblp.uni-trier.de/pid/t/StefanoTonetta.html
490;Stefano Varricchio;https://dblp.uni-trier.de/pid/61/649.html
763;Steffen Kopecki;https://dblp.uni-trier.de/pid/31/7223.html
160;Stephan Diehl;https://dblp.uni-trier.de/pid/d/StephanDiehl1.html
697;Steyn van Litsenborgh;https://dblp.uni-trier.de/pid/292/8936.html
610;Stoyan Mihov;https://dblp.uni-trier.de/pid/67/6448.html
578;Strahil Ristov;https://dblp.uni-trier.de/pid/06/5386.html
698;Su-Hyeon Kim;https://dblp.uni-trier.de/pid/296/0145.html
740;Suman Roy;https://dblp.uni-trier.de/pid/54/2257.html
627;Suna Bensch;https://dblp.uni-trier.de/pid/84/2622.html
822;Supaporn Chairungsee;https://dblp.uni-trier.de/pid/55/9960.html
811;Susan H. Rodger;https://dblp.uni-trier.de/pid/r/SusanHRodger.html
820;Sven De Felice;https://dblp.uni-trier.de/pid/66/9959.html
56;Sylvain Lombardy;https://dblp.uni-trier.de/pid/54/1797.html
251;Sylvain Schmitz;https://dblp.uni-trier.de/pid/62/6048.html
436;Sylvie Davies;https://dblp.uni-trier.de/pid/160/8228.html
600;Sylvie Hamel;https://dblp.uni-trier.de/pid/96/6540.html
216;Szabolcs Iván;https://dblp.uni-trier.de/pid/09/1881.html
659;Sævar Örn Kjartansson;https://dblp.uni-trier.de/pid/190/7312.html
558;Sílvia Cavadas;https://dblp.uni-trier.de/pid/165/8694.html
331;Tadahiro Suda;https://dblp.uni-trier.de/pid/93/6579.html
545;Tadeusz Dobosz;https://dblp.uni-trier.de/pid/53/947.html
386;Takaaki Nishimoto;https://dblp.uni-trier.de/pid/132/1960.html
202;Takuya Nishiyama;https://dblp.uni-trier.de/pid/69/4700.html
328;Tamara Shcherbak;https://dblp.uni-trier.de/pid/40/1264.html
517;Tamás Gaál;https://dblp.uni-trier.de/pid/61/5622.html
252;Taro Suzuki;https://dblp.uni-trier.de/pid/59/6488.html
593;Taylor J. Smith;https://dblp.uni-trier.de/pid/176/5446.html
186;Tayssir Touili;https://dblp.uni-trier.de/pid/23/6190.html
705;Teodora Nasz;https://dblp.uni-trier.de/pid/296/0452.html
217;Tetsuya Matsumoto;https://dblp.uni-trier.de/pid/05/2921.html
506;Tevfik Bultan;https://dblp.uni-trier.de/pid/07/3368.html
805;Theis Rauhe;https://dblp.uni-trier.de/pid/61/367.html
431;Thibault Godin;https://dblp.uni-trier.de/pid/153/1880.html
28;Thierry Lecroq;https://dblp.uni-trier.de/pid/l/ThierryLecroq.html
284;Thierry Poibeau;https://dblp.uni-trier.de/pid/09/4704.html
508;Thomas A. Henzinger;https://dblp.uni-trier.de/pid/h/ThomasAHenzinger.html
310;Thomas Claveirole;https://dblp.uni-trier.de/pid/12/4149.html
364;Thomas Genet;https://dblp.uni-trier.de/pid/03/3582.html
86;Thomas Paranthoën;https://dblp.uni-trier.de/pid/09/734.html
562;Thomas R. Fischer;https://dblp.uni-trier.de/pid/22/1750.html
721;Tibor Csáki;https://dblp.uni-trier.de/pid/63/3208.html
736;Tim Fernando;https://dblp.uni-trier.de/pid/40/2574.html
571;Timothy Ng;https://dblp.uni-trier.de/pid/157/6118-1.html
206;Timothy Sherwood;https://dblp.uni-trier.de/pid/23/3778.html
63;Tingwen Liu;https://dblp.uni-trier.de/pid/56/7911.html
617;Todd Wareham;https://dblp.uni-trier.de/pid/w/TWareham.html
382;Tom Sebastian;https://dblp.uni-trier.de/pid/09/8910.html
315;Tomasz Jurdzinski;https://dblp.uni-trier.de/pid/74/441.html
385;Tomohiro I;https://dblp.uni-trier.de/pid/95/2224.html
116;Tomoyuki Yamakami;https://dblp.uni-trier.de/pid/13/3203.html
838;Tomás Flouri;https://dblp.uni-trier.de/pid/01/5035.html
43;Tomás Masopust;https://dblp.uni-trier.de/pid/34/5542.html
139;Tomás Polcar;https://dblp.uni-trier.de/pid/98/6165.html
187;Tomás Vojnar;https://dblp.uni-trier.de/pid/51/533.html
481;Tomás Vávra;https://dblp.uni-trier.de/pid/68/8774.html
620;Torsten Weller;https://dblp.uni-trier.de/pid/00/6512.html
365;Tristan Le Gall;https://dblp.uni-trier.de/pid/48/4007.html
533;Tsai-Cheng Wang;https://dblp.uni-trier.de/pid/57/4224.html
529;Tsai-Hung Fan;https://dblp.uni-trier.de/pid/02/3376.html
532;Tsung-Shan Tsou;https://dblp.uni-trier.de/pid/44/90.html
16;Tullio Ceccherini-Silberstein;https://dblp.uni-trier.de/pid/47/5900.html
355;Ulrik Terp Rasmussen;https://dblp.uni-trier.de/pid/132/1964.html
409;Uwe Meyer;https://dblp.uni-trier.de/pid/70/6536-3.html
366;Valérie Murat;https://dblp.uni-trier.de/pid/24/10259.html
841;Vesna Pajic;https://dblp.uni-trier.de/pid/63/9960.html
504;Victor M. Darriba;https://dblp.uni-trier.de/pid/75/5475.html
476;Victor Mitrana;https://dblp.uni-trier.de/pid/86/4985.html
614;Vikas Aggarwal;https://dblp.uni-trier.de/pid/13/471.html
411;Viktor Olejar;https://dblp.uni-trier.de/pid/292/7939.html
819;Vincent Carnino;https://dblp.uni-trier.de/pid/13/9960.html
61;Vincent Hugot;https://dblp.uni-trier.de/pid/80/9679.html
607;Vincent Le Maout;https://dblp.uni-trier.de/pid/47/3237.html
831;Violetta Lonati;https://dblp.uni-trier.de/pid/53/221.html
125;Vladimir A. Zakharov;https://dblp.uni-trier.de/pid/84/5934.html
31;Vladimir V. Gusev;https://dblp.uni-trier.de/pid/86/8147.html
762;Volker Diekert;https://dblp.uni-trier.de/pid/d/VolkerDiekert.html
622;Václav Snásel;https://dblp.uni-trier.de/pid/s/VaclavSnasel.html
652;Véronique Cortier;https://dblp.uni-trier.de/pid/65/550.html
489;Víctor J. Díaz;https://dblp.uni-trier.de/pid/96/5273.html
793;William I. Gasarch;https://dblp.uni-trier.de/pid/g/WilliamIGasarch.html
563;William J. Hutton III;https://dblp.uni-trier.de/pid/164/1690.html
768;Wit Forys;https://dblp.uni-trier.de/pid/79/5413.html
91;Wojciech Debski;https://dblp.uni-trier.de/pid/55/591.html
92;Wojciech Fraczak;https://dblp.uni-trier.de/pid/91/1979.html
227;Wojciech Rytter;https://dblp.uni-trier.de/pid/r/WojciechRytter.html
846;Wojciech Skut;https://dblp.uni-trier.de/pid/74/4110.html
687;Wolfgang Merzenich;https://dblp.uni-trier.de/pid/13/6695.html
326;Wolfgang Thomas;https://dblp.uni-trier.de/pid/t/WolfgangThomas.html
810;X. Xiong;https://dblp.uni-trier.de/pid/87/3812.html
293;Xavier Augros;https://dblp.uni-trier.de/pid/74/5910.html
524;Xiang Fu;https://dblp.uni-trier.de/pid/97/374.html
744;Xiaoyu Song;https://dblp.uni-trier.de/pid/58/3449.html
280;Xiuming Wu;https://dblp.uni-trier.de/pid/80/1138.html
786;Y. Gao;https://dblp.uni-trier.de/pid/37/4530.html
246;Yanbing Liu;https://dblp.uni-trier.de/pid/84/4048.html
515;Yann Régis-Gianas;https://dblp.uni-trier.de/pid/44/4388.html
649;Yannick Parmentier;https://dblp.uni-trier.de/pid/01/5931-1.html
203;Yasuhiko Minamide;https://dblp.uni-trier.de/pid/27/2249.html
247;Yifu Yang;https://dblp.uni-trier.de/pid/05/7175.html
180;Yih-Kuen Tsay;https://dblp.uni-trier.de/pid/t/YihKuenTsay.html
102;Yo-Sub Han;https://dblp.uni-trier.de/pid/h/YoSubHan.html
64;Yong Sun;https://dblp.uni-trier.de/pid/64/3333.html
104;Yonghua Han;https://dblp.uni-trier.de/pid/72/4842.html
735;Yu-Ru Cheng;https://dblp.uni-trier.de/pid/85/1157.html
2;Yuan Gao;https://dblp.uni-trier.de/pid/76/2452-1.html
450;Yuki Nozaki;https://dblp.uni-trier.de/pid/223/4971.html
447;Yuki Ubukata;https://dblp.uni-trier.de/pid/223/4899.html
733;Yung-Pin Cheng;https://dblp.uni-trier.de/pid/88/4294.html
291;Yuri Velinov;https://dblp.uni-trier.de/pid/76/5063.html
445;Yusei Masuda;https://dblp.uni-trier.de/pid/223/4929.html
423;Yusuke Inoue;https://dblp.uni-trier.de/pid/75/4426.html
594;Yuta Takahashi;https://dblp.uni-trier.de/pid/25/140.html
281;Zdenek Tronícek;https://dblp.uni-trier.de/pid/35/4166.html
739;Zeki Bayram;https://dblp.uni-trier.de/pid/49/2648.html
117;Zeshan Peng;https://dblp.uni-trier.de/pid/51/1896.html
146;Zhe Dang;https://dblp.uni-trier.de/pid/51/5888.html
588;Zoltán Fülöp;https://dblp.uni-trier.de/pid/f/ZoltanFulop1.html
215;Zoltán Ésik;https://dblp.uni-trier.de/pid/e/ZoltanEsik.html
19;Zoran Sunic;https://dblp.uni-trier.de/pid/41/6022.html
156;Éric Laugerotte;https://dblp.uni-trier.de/pid/68/4299.html
702;Étienne Lozes;https://dblp.uni-trier.de/pid/69/4259.html
205;Ömer Egecioglu;https://dblp.uni-trier.de/pid/e/OEgecioglu.html
415;Öykü Yilmaz;https://dblp.uni-trier.de/pid/318/2800.html
419;Özdeniz Dolu;https://dblp.uni-trier.de/pid/321/6311.html
